Type,Aggregation,Statement,Matrix_A,Matrix_B,Vector_V,Execution,Heap,RSS,DuckDB-L2-Norm,Tensorflow-L2-Norm,DuckDB-MSE,Tensorflow-MSE,DuckDB-Sum,Tensorflow-Sum
double,standard,1,100,100,10,0.04799,0.002314453125,0.0423046875,1.3644455783656553e-14,0.0,1.861711736321588e-29,0.0,138.1795016450105,138.1795016450105
double,kahan,1,100,100,10,0.104679,0.002314453125,0.041748046875,3.972054645195637e-15,0.0,1.5777218104420236e-30,0.0,138.1795016450105,138.1795016450105
double,standard,2,100,100,10,0.044702,0.002236328125,0.03115234375,-1,-1,-1,-1,116.59196148557494,-1
double,kahan,2,100,100,10,0.040838,0.002236328125,0.029833984375,-1,-1,-1,-1,116.59196148557494,-1
double,standard,3,100,100,10,0.034482,0.00220703125,0.04150390625,2.27743711724632,0.0,0.5186719823011229,0.0,29.25559833470242,27.594362215723507
double,kahan,3,100,100,10,0.044945,0.00220703125,0.0451953125,2.2774371172463206,0.0,0.5186719823011231,0.0,29.25559833470242,27.594362215723507
double,standard,4,100,100,10,0.058735,0.002275390625,0.045,5.617333549722722e-15,0.0,3.1554436208840472e-30,0.0,138.1795016450105,138.1795016450105
double,kahan,4,100,100,10,0.047048,0.002275390625,0.044970703125,3.552713678800501e-15,0.0,1.262177448353619e-30,0.0,138.1795016450105,138.1795016450105
float,standard,1,100,100,10,0.049179,0.002314453125,0.043232421875,4.4165212269141295e-06,1.1955204611794251e-06,1.950565974778309e-12,1.4292691730986653e-13,138.179504,138.1795
float,kahan,1,100,100,10,0.046529,0.002314453125,0.04150390625,1.6297976280538403e-06,1.1955204611794251e-06,2.656240308409924e-13,1.4292691730986653e-13,138.17950499999998,138.1795
float,standard,2,100,100,10,0.023261,0.002236328125,0.029892578125,-1,-1,-1,-1,116.591961575259,-1
float,kahan,2,100,100,10,0.021388,0.002236328125,0.0295703125,-1,-1,-1,-1,116.591961575259,-1
float,standard,3,100,100,10,0.042597,0.00220703125,0.043056640625,2.2774369150364855,3.506083227180835e-07,0.5186718901970905,1.2292619595918778e-14,29.255598000000003,27.594362
float,kahan,3,100,100,10,0.04435,0.00220703125,0.04107421875,2.277436921079127,3.506083227180835e-07,0.5186718929494373,1.2292619595918778e-14,29.2555983,27.594362
float,standard,4,100,100,10,0.047248,0.002275390625,0.043271484375,3.093363477258549e-06,1.1955204611794251e-06,9.5688976024371e-13,1.4292691730986653e-13,138.179503,138.1795
float,kahan,4,100,100,10,0.045023,0.002275390625,0.044609375,1.1289953167841626e-06,1.1955204611794251e-06,1.2746304253205716e-13,1.4292691730986653e-13,138.17950299999998,138.1795
bfloat,standard,1,100,100,10,0.052045,0.00228515625,0.0428125,0.44811213481263656,0.09264588564037157,0.020080448536633856,0.0008583260126088808,137.3125,138
bfloat,kahan,1,100,100,10,0.052023,0.00228515625,0.043193359375,0.09525939256951582,0.09264588564037157,0.0009074351872713126,0.0008583260126088808,138.4375,138
bfloat,standard,2,100,100,10,0.035446,0.00220703125,0.033603515625,-1,-1,-1,-1,116.602795359144,-1
bfloat,kahan,2,100,100,10,0.03157,0.00220703125,0.03064453125,-1,-1,-1,-1,116.602795359144,-1
bfloat,standard,3,100,100,10,0.042681,0.002177734375,0.043701171875,2.26510724503771,0.019984075586186503,0.5130710831522325,3.9936327703441536e-05,29.25,27.5
bfloat,kahan,3,100,100,10,0.048033,0.002177734375,0.040771484375,2.2847400614209006,0.019984075586186503,0.522003714826158,3.9936327703441536e-05,29.265625,27.5
bfloat,standard,4,100,100,10,0.039947,0.00224609375,0.042646484375,0.18231244698896182,0.09264588564037157,0.003323782832710301,0.0008583260126088808,138.5,138
bfloat,kahan,4,100,100,10,0.049531,0.00224609375,0.043759765625,0.09192676290575051,0.09264588564037157,0.0008450529738330069,0.0008583260126088808,138.3125,138
double,standard,1,400,400,20,0.0466,0.00232421875,0.044072265625,1.1212175250861022e-13,0.0,6.285643692801022e-28,0.0,1101.2618192571656,1101.2618192571656
double,kahan,1,400,400,20,0.048071,0.00232421875,0.045712890625,3.014577520672848e-14,0.0,4.543838814073028e-29,0.0,1101.2618192571656,1101.2618192571656
double,standard,2,400,400,20,0.047599,0.00224609375,0.029990234375,-1,-1,-1,-1,854.1006662381573,-1
double,kahan,2,400,400,20,0.043974,0.00224609375,0.027890625,-1,-1,-1,-1,854.1006662381573,-1
double,standard,3,400,400,20,0.045432,0.002216796875,0.041748046875,5.116967713751239,0.0,1.3091679291786293,0.0,108.28964470240655,106.86741030874666
double,kahan,3,400,400,20,0.045913,0.002216796875,0.046416015625,5.116967713751239,0.0,1.3091679291786291,0.0,108.28964470240655,106.86741030874666
double,standard,4,400,400,20,0.047595,0.00228515625,0.0428125,3.9561345224328346e-14,0.0,7.825500179792437e-29,0.0,1101.2618192571656,1101.2618192571656
double,kahan,4,400,400,20,0.041019,0.00228515625,0.043818359375,3.014577520672848e-14,0.0,4.543838814073028e-29,0.0,1101.2618192571656,1101.2618192571656
float,standard,1,400,400,20,0.043579,0.002314453125,0.043203125,7.757192390941216e-05,9.273305108257114e-06,3.0087016895038147e-10,4.299709381541375e-12,1101.26197,1101.2617
float,kahan,1,400,400,20,0.029597,0.002314453125,0.04607421875,5.671193285459152e-06,9.273305108257114e-06,1.6081216640518488e-12,4.299709381541375e-12,1101.261818,1101.2617
float,standard,2,400,400,20,0.036938,0.00224609375,0.027978515625,-1,-1,-1,-1,854.1006658679505,-1
float,kahan,2,400,400,20,0.062241,0.00224609375,0.02923828125,-1,-1,-1,-1,854.1006658679505,-1
float,standard,3,400,400,20,0.051641,0.002216796875,0.040703125,5.11696740769426,1.1897906469011768e-06,1.3091677725702657,7.078008917267604e-14,108.28964459999997,106.8674
float,kahan,3,400,400,20,0.045361,0.002216796875,0.041640625,5.116967606054015,1.1897906469011768e-06,1.3091678740703077,7.078008917267604e-14,108.289643,106.8674
float,standard,4,400,400,20,0.055263,0.00228515625,0.04373046875,1.6035553052906292e-05,9.273305108257114e-06,1.2856948085628616e-11,4.299709381541375e-12,1101.261845,1101.2617
float,kahan,4,400,400,20,0.046433,0.00228515625,0.0430859375,6.161809201798125e-06,9.273305108257114e-06,1.8983946319682024e-12,4.299709381541375e-12,1101.261814,1101.2617
bfloat,standard,1,400,400,20,0.036837,0.002294921875,0.04484375,18.054197579305068,0.3748209974460823,16.29770251162925,0.007024539006323803,1022.25,1104
bfloat,kahan,1,400,400,20,0.051047,0.002294921875,0.0420703125,0.37550190074799467,0.3748209974460823,0.007050083873267841,0.007024539006323803,1102.0,1104
bfloat,standard,2,400,400,20,0.04736,0.002216796875,0.02880859375,-1,-1,-1,-1,854.0864197502569,-1
bfloat,kahan,2,400,400,20,0.057618,0.002216796875,0.030263671875,-1,-1,-1,-1,854.0864197502569,-1
bfloat,standard,3,400,400,20,0.044051,0.0021875,0.041083984375,5.117952165555803,0.034188313392269166,1.3096717184458666,5.844203863040057e-05,108.296875,107
bfloat,kahan,3,400,400,20,0.044305,0.0021875,0.045576171875,5.110012774195543,0.034188313392269166,1.3056115276220812,5.844203863040057e-05,108.34375,107
bfloat,standard,4,400,400,20,0.050648,0.002255859375,0.0428515625,0.9625357074965321,0.3748209974460823,0.04632374941029248,0.007024539006323803,1102.25,1104
bfloat,kahan,4,400,400,20,0.043058,0.002255859375,0.045419921875,0.46074250598097805,0.3748209974460823,0.01061418284088158,0.007024539006323803,1102.5,1104
double,standard,1,900,900,30,0.048318,0.002490234375,0.045546875,4.0244578538324437e-13,0.0,5.398753672424546e-27,0.0,2704.3116789511087,2704.311678951108
double,kahan,1,900,900,30,0.046477,0.002490234375,0.04603515625,5.5038403647350507e-14,0.0,1.0097419586828951e-28,0.0,2704.311678951108,2704.311678951108
double,standard,2,900,900,30,0.143116,0.002373046875,0.0356640625,-1,-1,-1,-1,2651.0199258746425,-1
double,kahan,2,900,900,30,0.137088,0.002373046875,0.035166015625,-1,-1,-1,-1,2651.0199258746425,-1
double,standard,3,900,900,30,0.043919,0.002216796875,0.041171875,5.2420385892716785,0.0,0.9159656190471136,0.0,181.12827426615073,187.24988876532754
double,kahan,3,900,900,30,0.051298,0.002216796875,0.042099609375,5.242038589271678,0.0,0.9159656190471134,0.0,181.1282742661507,187.24988876532754
double,standard,4,900,900,30,0.048414,0.002294921875,0.044638671875,6.961868572213853e-14,0.0,1.6155871338926323e-28,0.0,2704.3116789511087,2704.311678951108
double,kahan,4,900,900,30,0.041234,0.002294921875,0.04578125,6.029155041345696e-14,0.0,1.211690350419474e-28,0.0,2704.311678951108,2704.311678951108
float,standard,1,900,900,30,0.042617,0.002490234375,0.043828125,0.00020111973250653208,2.435332883946338e-05,1.3483048934499673e-09,1.976948751876796e-11,2704.311731,2704.312
float,kahan,1,900,900,30,0.048079,0.002490234375,0.043193359375,1.9514013793147393e-05,2.435332883946338e-05,1.2693224477304892e-11,1.976948751876796e-11,2704.311739,2704.312
float,standard,2,900,900,30,0.158226,0.002373046875,0.034013671875,-1,-1,-1,-1,2651.01991917274,-1
float,kahan,2,900,900,30,0.143814,0.002373046875,0.035712890625,-1,-1,-1,-1,2651.01991917274,-1
float,standard,3,900,900,30,0.050063,0.002216796875,0.04052734375,5.242038730238518,1.8629688825186258e-06,0.9159656683106885,1.156884352410899e-13,181.12827670000001,187.2499
float,kahan,3,900,900,30,0.036676,0.002216796875,0.042119140625,5.24203835563102,1.8629688825186258e-06,0.9159655373968923,1.156884352410899e-13,181.12827639999998,187.2499
float,standard,4,900,900,30,0.048326,0.00228515625,0.04466796875,4.7741075446927517e-05,2.435332883946338e-05,7.597367616097417e-11,1.976948751876796e-11,2704.311689999999,2704.312
float,kahan,4,900,900,30,0.04177,0.00228515625,0.04447265625,1.894587242747049e-05,2.435332883946338e-05,1.1964869401266216e-11,1.976948751876796e-11,2704.311729,2704.312
bfloat,standard,1,900,900,30,0.05546,0.0024609375,0.042744140625,67.48150344741796,0.8152217642128797,151.79177691746276,0.022152884161545334,2342.0,2736
bfloat,kahan,1,900,900,30,0.054086,0.0024609375,0.04373046875,0.8024687214471927,0.8152217642128797,0.021465201630036408,0.022152884161545334,2705.0,2736
bfloat,standard,2,900,900,30,0.165455,0.00234375,0.031259765625,-1,-1,-1,-1,2651.9576900916886,-1
bfloat,kahan,2,900,900,30,0.132736,0.00234375,0.0293359375,-1,-1,-1,-1,2651.9576900916886,-1
bfloat,standard,3,900,900,30,0.045028,0.0021875,0.0417578125,5.2623092756346335,0.0547696664118407,0.92306329708101,9.999054529547705e-05,181.078125,187
bfloat,kahan,3,900,900,30,0.039799,0.0021875,0.0436328125,5.233736784721919,0.0547696664118407,0.9130666910583778,9.999054529547705e-05,181.15625,187
bfloat,standard,4,900,900,30,0.03517,0.002265625,0.045,3.03937813078525,0.8152217642128797,0.307927314063188,0.022152884161545334,2698.0,2736
bfloat,kahan,4,900,900,30,0.042147,0.002265625,0.042216796875,0.8374131541364659,0.8152217642128797,0.023375359690692814,0.022152884161545334,2705.5,2736
double,standard,1,1600,1600,40,0.050626,0.0025,0.04232421875,1.0974608003555103e-12,0.0,3.011050520792393e-26,0.0,6688.096304161257,6688.096304161256
double,kahan,1,1600,1600,40,0.054431,0.0025,0.044013671875,1.8198773652309366e-13,0.0,8.27988406119974e-28,0.0,6688.096304161258,6688.096304161256
double,standard,2,1600,1600,40,0.314622,0.002373046875,0.03681640625,-1,-1,-1,-1,7497.501175186947,-1
double,kahan,2,1600,1600,40,0.263046,0.002373046875,0.035302734375,-1,-1,-1,-1,7497.501175186947,-1
double,standard,3,1600,1600,40,0.027495,0.0022265625,0.04087890625,8.693139584453112,0.0,1.8892668958696404,0.0,326.25496825114146,326.6980677766637
double,kahan,3,1600,1600,40,0.04145,0.0022265625,0.041376953125,8.693139584453114,0.0,1.8892668958696412,0.0,326.25496825114146,326.6980677766637
double,standard,4,1600,1600,40,0.047269,0.002294921875,0.0437890625,2.8563464471519893e-13,0.0,2.039678756539448e-27,0.0,6688.096304161258,6688.096304161256
double,kahan,4,1600,1600,40,0.04076,0.002294921875,0.044970703125,1.8852829216231156e-13,0.0,8.885729236409478e-28,0.0,6688.096304161258,6688.096304161256
float,standard,1,1600,1600,40,0.048038,0.002490234375,0.043232421875,0.0006712767996994453,3.9132652313436066e-05,1.1265313545368229e-08,3.8284111927106826e-11,6688.0963,6688.096
float,kahan,1,1600,1600,40,0.04429,0.002490234375,0.043603515625,3.2708274403944946e-05,3.9132652313436066e-05,2.6745780362094008e-11,3.8284111927106826e-11,6688.09635,6688.096
float,standard,2,1600,1600,40,0.389215,0.002373046875,0.0335546875,-1,-1,-1,-1,7497.501189262968,-1
float,kahan,2,1600,1600,40,0.342774,0.002373046875,0.034267578125,-1,-1,-1,-1,7497.501189262968,-1
float,standard,3,1600,1600,40,0.04294,0.002216796875,0.046162109375,8.693139817270282,2.447631339813058e-06,1.8892669970652498,1.497724793908766e-13,326.2549834,326.69806
float,kahan,3,1600,1600,40,0.041937,0.002216796875,0.0439453125,8.693139270991107,2.447631339813058e-06,1.889266759621195,1.497724793908766e-13,326.25496830000003,326.69806
float,standard,4,1600,1600,40,0.040136,0.00228515625,0.042939453125,0.00012053739617266942,3.9132652313436066e-05,3.6323159690217654e-10,3.8284111927106826e-11,6688.09662,6688.096
float,kahan,4,1600,1600,40,0.045936,0.002294921875,0.044228515625,3.574835420290703e-05,3.9132652313436066e-05,3.1948620705412526e-11,3.8284111927106826e-11,6688.0962899999995,6688.096
bfloat,standard,1,1600,1600,40,0.069442,0.002470703125,0.0430078125,279.3859183062374,2.05312643304576,1951.4122836954884,0.10538320375178012,4936.0,6720
bfloat,kahan,1,1600,1600,40,0.047987,0.002470703125,0.044072265625,2.0270630131884375,2.05312643304576,0.10272461148591469,0.10538320375178012,6692.0,6720
bfloat,standard,2,1600,1600,40,0.261528,0.00234375,0.036767578125,-1,-1,-1,-1,7498.229135142629,-1
bfloat,kahan,2,1600,1600,40,0.229228,0.00234375,0.03603515625,-1,-1,-1,-1,7498.229135142629,-1
bfloat,standard,3,1600,1600,40,0.037398,0.002197265625,0.04103515625,8.668544325589385,0.09748000731156273,1.8785915181176982,0.00023755879563655807,325.21875,328
bfloat,kahan,3,1600,1600,40,0.040172,0.002197265625,0.04365234375,8.665127009857928,0.09748000731156273,1.877110652424235,0.00023755879563655807,326.25,328
bfloat,standard,4,1600,1600,40,0.040013,0.002265625,0.042861328125,8.744152322824842,2.05312643304576,1.911504996119077,0.10538320375178012,6663.0,6720
bfloat,kahan,4,1600,1600,40,0.038586,0.002265625,0.0424609375,2.1656676714369945,2.05312643304576,0.11725291157768333,0.10538320375178012,6688.0,6720
double,standard,1,3600,3600,60,0.057718,0.0025,0.043701171875,4.981183313463082e-12,0.0,4.1353645337205075e-25,0.0,29534.18489522527,29534.18489522527
double,kahan,1,3600,3600,60,0.039027,0.0025,0.043857421875,5.052353581797654e-13,0.0,4.254379452583931e-27,0.0,29534.18489522527,29534.18489522527
double,standard,2,3600,3600,60,0.775062,0.002392578125,0.037783203125,-1,-1,-1,-1,28863.900630795775,-1
double,kahan,2,3600,3600,60,1.13565,0.002392578125,0.0380078125,-1,-1,-1,-1,28863.900630795775,-1
double,standard,3,3600,3600,60,0.033797,0.002216796875,0.042099609375,15.111433300552772,0.0,3.8059236066175877,0.0,983.5329935682795,997.5119929953914
double,kahan,3,3600,3600,60,0.035303,0.002216796875,0.04150390625,15.111433300552775,0.0,3.805923606617589,0.0,983.5329935682795,997.5119929953914
double,standard,4,3600,3600,60,0.037878,0.002294921875,0.043505859375,9.041499265883241e-13,0.0,1.3624784829161198e-26,0.0,29534.184895225266,29534.18489522527
double,kahan,4,3600,3600,60,0.02804,0.002294921875,0.043779296875,5.115907697472721e-13,0.0,4.362085261510107e-27,0.0,29534.18489522527,29534.18489522527
float,standard,1,3600,3600,60,0.056155,0.0025,0.04373046875,0.0030138923540294735,0.00012894641893310517,1.5139245202795532e-07,2.7711964926119776e-10,29534.18416,29534.184
float,kahan,1,3600,3600,60,0.057847,0.0025,0.042919921875,9.411561331698635e-05,0.00012894641893310517,1.4762914450054165e-10,2.7711964926119776e-10,29534.184979999998,29534.184
float,standard,2,3600,3600,60,0.865023,0.002392578125,0.03599609375,-1,-1,-1,-1,28863.900695550936,-1
float,kahan,2,3600,3600,60,0.935645,0.002392578125,0.0360546875,-1,-1,-1,-1,28863.900695550936,-1
float,standard,3,3600,3600,60,0.039052,0.002216796875,0.04134765625,15.111435777282152,5.303339486714217e-06,3.805924854182051,4.687568285223703e-13,983.5329885,997.5119
float,kahan,3,3600,3600,60,0.035,0.002216796875,0.040849609375,15.111434096207626,5.303339486714217e-06,3.80592400740044,4.687568285223703e-13,983.5330044999998,997.5119
float,standard,4,3600,3600,60,0.03475,0.00228515625,0.042919921875,0.0004341045654768632,0.00012894641893310517,3.140779562797603e-09,2.7711964926119776e-10,29534.18411,29534.184
float,kahan,4,3600,3600,60,0.038673,0.002294921875,0.045712890625,9.821960606130476e-05,0.00012894641893310517,1.6078485024729824e-10,2.7711964926119776e-10,29534.185059999996,29534.184
bfloat,standard,1,3600,3600,60,0.100521,0.002470703125,0.047431640625,2104.293192660457,6.018509396887625,73800.83067795231,0.6037075893404107,13280.0,29568
bfloat,kahan,1,3600,3600,60,0.07514,0.002470703125,0.042783203125,6.055522859257721,6.018509396887625,0.61115595164988,0.6037075893404107,29528.0,29568
bfloat,standard,2,3600,3600,60,1.302503,0.00236328125,0.0357421875,-1,-1,-1,-1,28867.57622627651,-1
bfloat,kahan,2,3600,3600,60,0.995477,0.00236328125,0.037001953125,-1,-1,-1,-1,28867.57622627651,-1
bfloat,standard,3,3600,3600,60,0.03402,0.0021875,0.046494140625,15.104536439021729,0.22424107273880145,3.8024503506289196,0.0008380676450508073,983.125,1000
bfloat,kahan,3,3600,3600,60,0.041402,0.0021875,0.041494140625,15.110985144112577,0.22424107273880145,3.805697867093184,0.0008380676450508073,983.75,1000
bfloat,standard,4,3600,3600,60,0.038312,0.002265625,0.043408203125,30.40320534353545,6.018509396887625,15.405914919353043,0.6037075893404107,29472.0,29568
bfloat,kahan,4,3600,3600,60,0.076101,0.002265625,0.04326171875,6.368907819512032,6.018509396887625,0.6760497802240251,0.6037075893404107,29528.0,29568
double,standard,1,4900,4900,70,0.06782,0.0025,0.045673828125,1.0156536737443752e-11,0.0,1.4736462642720652e-24,0.0,40310.55008793394,40310.55008793393
double,kahan,1,4900,4900,70,0.075946,0.0025,0.0433984375,7.30166935833559e-13,0.0,7.616339345493838e-27,0.0,40310.55008793394,40310.55008793393
double,standard,2,4900,4900,70,1.536902,0.002431640625,0.0404296875,-1,-1,-1,-1,43480.39814228837,-1
double,kahan,2,4900,4900,70,1.840908,0.002431640625,0.039814453125,-1,-1,-1,-1,43480.39814228837,-1
double,standard,3,4900,4900,70,0.039032,0.002216796875,0.044970703125,15.0425277452574,0.0,3.2325377280976957,0.0,1150.743153489986,1146.6882628394171
double,kahan,3,4900,4900,70,0.039265,0.0022265625,0.043505859375,15.042527745257406,0.0,3.2325377280976983,0.0,1150.743153489986,1146.6882628394171
double,standard,4,4900,4900,70,0.043967,0.002294921875,0.045244140625,1.3123322310792896e-12,0.0,2.460308406756494e-26,0.0,40310.55008793394,40310.55008793393
double,kahan,4,4900,4900,70,0.037257,0.0023046875,0.0429296875,7.323762205672396e-13,0.0,7.66249897789077e-27,0.0,40310.55008793394,40310.55008793393
float,standard,1,4900,4900,70,0.065584,0.0025,0.04353515625,0.004966199154327073,0.00023542464517427398,3.523304862919848e-07,7.917823365061829e-10,40310.54784999999,40310.55
float,kahan,1,4900,4900,70,0.048652,0.0025,0.047783203125,0.0001848374298315389,0.00023542464517427398,4.88069649524701e-10,7.917823365061829e-10,40310.550319999995,40310.55
float,standard,2,4900,4900,70,1.948606,0.002431640625,0.036923828125,-1,-1,-1,-1,43480.3981749516,-1
float,kahan,2,4900,4900,70,1.979576,0.002431640625,0.03685546875,-1,-1,-1,-1,43480.3981749516,-1
float,standard,3,4900,4900,70,0.036262,0.002216796875,0.0416796875,15.042525554643799,5.201877935962873e-06,3.2325367866015964,3.865647722951052e-13,1150.743139,1146.6882
float,kahan,3,4900,4900,70,0.03908,0.002216796875,0.04275390625,15.042528316717705,5.201877935962873e-06,3.232537973703628,3.865647722951052e-13,1150.743157,1146.6882
float,standard,4,4900,4900,70,0.04202,0.002294921875,0.043662109375,0.0005745177791278362,0.00023542464517427398,4.715295407628304e-09,7.917823365061829e-10,40310.55041999999,40310.55
float,kahan,4,4900,4900,70,0.031319,0.002294921875,0.045419921875,0.0001887744947880026,0.00023542464517427398,5.090829983209374e-10,7.917823365061829e-10,40310.55022999999,40310.55
bfloat,standard,1,4900,4900,70,0.102967,0.002470703125,0.046806640625,2813.212082424164,9.59831704151575,113059.46029567572,1.3161098575635952,16832.0,39424
bfloat,kahan,1,4900,4900,70,0.112224,0.002470703125,0.04326171875,9.644189550326223,9.59831704151575,1.328719886894593,1.3161098575635952,40302.0,39424
bfloat,standard,2,4900,4900,70,1.967292,0.0024609375,0.037158203125,-1,-1,-1,-1,43478.47227923147,-1
bfloat,kahan,2,4900,4900,70,1.920682,0.00240234375,0.036572265625,-1,-1,-1,-1,43478.47227923147,-1
bfloat,standard,3,4900,4900,70,0.037078,0.0021875,0.04208984375,15.199597680060172,0.2366012223131244,3.300396709081294,0.0007997162628580645,1143.375,1152
bfloat,kahan,3,4900,4900,70,0.033213,0.0021875,0.0419140625,15.07289787763766,0.2366012223131244,3.245603577567055,0.0007997162628580645,1150.8125,1152
bfloat,standard,4,4900,4900,70,0.051567,0.002265625,0.0430859375,61.52197259511299,9.59831704151575,54.07075874276906,1.3161098575635952,39920.0,39424
bfloat,kahan,4,4900,4900,70,0.041027,0.002265625,0.04615234375,9.853365559250229,9.59831704151575,1.3869830406316939,1.3161098575635952,40310.0,39424
double,standard,1,6400,6400,80,0.081678,0.0025,0.04431640625,1.593157873793643e-11,0.0,3.172690013538351e-24,0.0,58170.73882362209,58170.73882362208
double,kahan,1,6400,6400,80,0.095026,0.002509765625,0.0453125,8.806144583576081e-13,0.0,9.693522803355793e-27,0.0,58170.73882362209,58170.73882362208
double,standard,2,6400,6400,80,2.978891,0.002431640625,0.042109375,-1,-1,-1,-1,67178.83332184714,-1
double,kahan,2,6400,6400,80,2.679733,0.002431640625,0.041455078125,-1,-1,-1,-1,67178.83332184714,-1
double,standard,3,6400,6400,80,0.051056,0.002216796875,0.0412109375,17.437072642722054,0.0,3.800643779344573,0.0,1451.5723970583285,1457.5718330166233
double,kahan,3,6400,6400,80,0.055701,0.0022265625,0.0419921875,17.43707264272205,0.0,3.800643779344571,0.0,1451.5723970583285,1457.5718330166233
double,standard,4,6400,6400,80,0.039435,0.0023046875,0.0433203125,1.7278903389490851e-12,0.0,3.7320062792919806e-26,0.0,58170.73882362209,58170.73882362208
double,kahan,4,6400,6400,80,0.045964,0.0023046875,0.046240234375,8.732451701540194e-13,0.0,9.53196408996653e-27,0.0,58170.73882362209,58170.73882362208
float,standard,1,6400,6400,80,0.093865,0.0025,0.04412109375,0.008202181669779872,0.0002416157529436169,8.409473018009114e-07,7.297271508813864e-10,58170.73903,58170.74
float,kahan,1,6400,6400,80,0.080659,0.0025,0.04349609375,0.00020931674214859575,0.0002416157529436169,5.476687317962715e-10,7.297271508813864e-10,58170.73893000001,58170.74
float,standard,2,6400,6400,80,3.340479,0.002431640625,0.038310546875,-1,-1,-1,-1,67178.83316403105,-1
float,kahan,2,6400,6400,80,3.637962,0.002431640625,0.039609375,-1,-1,-1,-1,67178.83316403105,-1
float,standard,3,6400,6400,80,0.042373,0.002216796875,0.04203125,17.43707034911706,7.024002222872771e-06,3.800642779500717,6.167075903365203e-13,1451.57241,1457.5719
float,kahan,3,6400,6400,80,0.043135,0.002216796875,0.044677734375,17.43707343744677,7.024002222872771e-06,3.800644125786397,6.167075903365203e-13,1451.572399,1457.5719
float,standard,4,6400,6400,80,0.039579,0.002294921875,0.042978515625,0.0008902428706718285,0.0002416157529436169,9.906654609775225e-09,7.297271508813864e-10,58170.74051999999,58170.74
float,kahan,4,6400,6400,80,0.045074,0.002294921875,0.0429296875,0.0002208510381560013,0.0002416157529436169,6.096897631822943e-10,7.297271508813864e-10,58170.73866,58170.74
bfloat,standard,1,6400,6400,80,0.116007,0.002470703125,0.042880859375,4261.825924245901,9.965409480589292,227039.50260718036,1.2413673264477367,20229.0,59392
bfloat,kahan,1,6400,6400,80,0.110014,0.002470703125,0.04251953125,9.972489038319715,9.965409480589292,1.243131720242586,1.2413673264477367,58140.0,59392
bfloat,standard,2,6400,6400,80,2.759006,0.00240234375,0.036806640625,-1,-1,-1,-1,67183.32834820134,-1
bfloat,kahan,2,6400,6400,80,2.948118,0.00240234375,0.038037109375,-1,-1,-1,-1,67183.32834820134,-1
bfloat,standard,3,6400,6400,80,0.039845,0.0021875,0.04482421875,17.490499167100687,0.3287409665355304,3.823969513929373,0.0013508827884839343,1444.625,1432
bfloat,kahan,3,6400,6400,80,0.041524,0.0021875,0.043125,17.45068484107219,0.3287409665355304,3.806580017780334,0.0013508827884839343,1451.0625,1432
bfloat,standard,4,6400,6400,80,0.051087,0.002265625,0.043525390625,68.99249648141084,9.965409480589292,59.499557134218584,1.2413673264477367,57744.0,59392
bfloat,kahan,4,6400,6400,80,0.043192,0.002265625,0.04330078125,9.830680809681914,9.965409480589292,1.208028564773103,1.2413673264477367,58144.0,59392
double,standard,1,8100,8100,90,0.103854,0.0025,0.043466796875,2.023561841426871e-11,0.0,4.549780584532122e-24,0.0,89266.87957959251,89266.87957959251
double,kahan,1,8100,8100,90,0.079527,0.002509765625,0.04509765625,1.4514563798461159e-12,0.0,2.3408062473288804e-26,0.0,89266.87957959253,89266.87957959251
double,standard,2,8100,8100,90,4.952652,0.002490234375,0.043740234375,-1,-1,-1,-1,97726.58473084551,-1
double,kahan,2,8100,8100,90,3.937179,0.002490234375,0.043837890625,-1,-1,-1,-1,97726.58473084551,-1
double,standard,3,8100,8100,90,0.035278,0.0022265625,0.04466796875,20.073321064692507,0.0,4.4770913174025315,0.0,1972.7593968268968,1977.0322260118721
double,kahan,3,8100,8100,90,0.039922,0.0022265625,0.0423046875,20.073321064692507,0.0,4.477091317402532,0.0,1972.7593968268968,1977.0322260118721
double,standard,4,8100,8100,90,0.046635,0.002294921875,0.043642578125,2.5573221771996925e-12,0.0,7.266551908885972e-26,0.0,89266.87957959253,89266.87957959251
double,kahan,4,8100,8100,90,0.045572,0.0023046875,0.04689453125,1.4153897152469577e-12,0.0,2.22592005114096e-26,0.0,89266.87957959253,89266.87957959251
float,standard,1,8100,8100,90,0.079343,0.0025,0.0433984375,0.011344534065073781,0.00038663169325684355,1.4299828128179939e-06,1.6609340692294882e-09,89266.87996,89266.875
float,kahan,1,8100,8100,90,0.09952,0.0025,0.04353515625,0.00031081305713372565,0.00038663169325684355,1.0733861831645845e-09,1.6609340692294882e-09,89266.87995,89266.875
float,standard,2,8100,8100,90,2.867185,0.002490234375,0.04119140625,-1,-1,-1,-1,97726.58500928366,-1
float,kahan,2,8100,8100,90,3.241361,0.002490234375,0.040859375,-1,-1,-1,-1,97726.58500928366,-1
float,standard,3,8100,8100,90,0.041437,0.002216796875,0.041396484375,20.07331899504256,9.06249930290537e-06,4.47709039418596,9.125432623906701e-13,1972.759395,1977.0323
float,kahan,3,8100,8100,90,0.059027,0.002216796875,0.045751953125,20.073321291013276,9.06249930290537e-06,4.477091418358299,9.125432623906701e-13,1972.7593980000004,1977.0323
float,standard,4,8100,8100,90,0.047275,0.002294921875,0.042841796875,0.0012880229067067232,0.00038663169325684355,1.8433366757791513e-08,1.6609340692294882e-09,89266.88071,89266.875
float,kahan,4,8100,8100,90,0.0474,0.002294921875,0.04548828125,0.00031733932495993394,0.00038663169325684355,1.1189360796225171e-09,1.6609340692294882e-09,89266.87981999999,89266.875
bfloat,standard,1,8100,8100,90,0.135195,0.002470703125,0.043115234375,6997.355484661338,14.392019497422018,544033.1530968901,2.3014469468241723,23040.0,90624
bfloat,kahan,1,8100,8100,90,0.158274,0.002470703125,0.044296875,18.164393275300455,14.392019497422018,3.666057589553116,2.3014469468241723,89232.0,90624
bfloat,standard,2,8100,8100,90,5.457049,0.0024609375,0.039248046875,-1,-1,-1,-1,97715.06070189622,-1
bfloat,kahan,2,8100,8100,90,5.344238,0.0024609375,0.0386328125,-1,-1,-1,-1,97715.06070189622,-1
bfloat,standard,3,8100,8100,90,0.045841,0.0021875,0.041357421875,20.21887140104406,0.3354274323602448,4.542252897021748,0.0012501284708865178,1967.875,2024
bfloat,kahan,3,8100,8100,90,0.03684,0.0021875,0.042236328125,20.125237509772475,0.3354274323602448,4.500279831386144,0.0012501284708865178,1972.875,2024
bfloat,standard,4,8100,8100,90,0.045535,0.002265625,0.042890625,94.06957139221495,14.392019497422018,98.32315846572251,2.3014469468241723,88852.0,90624
bfloat,kahan,4,8100,8100,90,0.062792,0.002265625,0.043505859375,17.57114237976595,14.392019497422018,3.4305004947778546,2.3014469468241723,89228.0,90624
double,standard,1,10000,10000,100,0.103926,0.0025,0.0437109375,2.937897539241066e-11,0.0,8.631241951078709e-24,0.0,120916.7602564115,120916.76025641151
double,kahan,1,10000,10000,100,0.108731,0.0025390625,0.045908203125,1.7166336045353887e-12,0.0,2.946830932220161e-26,0.0,120916.76025641151,120916.76025641151
double,standard,2,10000,10000,100,4.742855,0.002490234375,0.0502734375,-1,-1,-1,-1,145000.18383843845,-1
double,kahan,2,10000,10000,100,1.854062,0.002490234375,0.049638671875,-1,-1,-1,-1,145000.18383843845,-1
double,standard,3,10000,10000,100,0.053767,0.0022265625,0.0417578125,25.10766285298817,0.0,6.303947339393221,0.0,2441.1060585117393,2442.9716633767966
double,kahan,3,10000,10000,100,0.045803,0.0022265625,0.04263671875,25.107662852988167,0.0,6.303947339393219,0.0,2441.106058511739,2442.9716633767966
double,standard,4,10000,10000,100,0.054337,0.0023046875,0.043056640625,3.673334145197148e-12,0.0,1.3493383742271263e-25,0.0,120916.76025641152,120916.76025641151
double,kahan,4,10000,10000,100,0.045126,0.0023046875,0.043984375,1.8047225997165179e-12,0.0,3.2570236619275465e-26,0.0,120916.76025641151,120916.76025641151
float,standard,1,10000,10000,100,0.073609,0.0025,0.044111328125,0.016433953539057886,0.0005484863017226568,2.7007482892391326e-06,3.008372231773973e-09,120916.72366999998,120916.766
float,kahan,1,10000,10000,100,0.111602,0.002529296875,0.043662109375,0.0005026974155164454,0.0005484863017226568,2.527046915669138e-09,3.008372231773973e-09,120916.75956,120916.766
float,standard,2,10000,10000,100,1.724785,0.002490234375,0.0459375,-1,-1,-1,-1,145000.18401046953,-1
float,kahan,2,10000,10000,100,1.702971,0.002490234375,0.04541015625,-1,-1,-1,-1,145000.18401046953,-1
float,standard,3,10000,10000,100,0.053964,0.002216796875,0.04193359375,25.107661533726805,1.055213523536894e-05,6.303946676921847,1.1134755802551474e-12,2441.106051999999,2442.9712
float,kahan,3,10000,10000,100,0.038728,0.002216796875,0.042041015625,25.107661558868525,1.055213523536894e-05,6.303946689546843,1.1134755802551474e-12,2441.106047,2442.9712
float,standard,4,10000,10000,100,0.047572,0.002294921875,0.041962890625,0.0019167511618943692,0.0005484863017226568,3.673935016623414e-08,3.008372231773973e-09,120916.7627,120916.766
float,kahan,4,10000,10000,100,0.049704,0.002294921875,0.04515625,0.0004981900747946061,0.0005484863017226568,2.4819335062385526e-09,3.008372231773973e-09,120916.75925999999,120916.766
bfloat,standard,1,10000,10000,100,0.160205,0.002470703125,0.043251953125,9562.089367804205,23.804987066293645,914335.5307787422,5.666774092264077,25600.0,116224
bfloat,kahan,1,10000,10000,100,0.124028,0.002470703125,0.04375,25.097244393731,23.804987066293645,6.29871676158662,5.666774092264077,120864.0,116224
bfloat,standard,2,10000,10000,100,2.069081,0.0024609375,0.043828125,-1,-1,-1,-1,144960.60883989822,-1
bfloat,kahan,2,10000,10000,100,1.888003,0.0024609375,0.044091796875,-1,-1,-1,-1,144960.60883989822,-1
bfloat,standard,3,10000,10000,100,0.046303,0.0021875,0.04513671875,24.920811102382206,0.3653024331997353,6.210468260006163,0.001334458677016471,2432.625,2464
bfloat,kahan,3,10000,10000,100,0.038078,0.0021875,0.043974609375,25.11084357359471,0.3653024331997353,6.305544649775427,0.001334458677016471,2440.5,2464
bfloat,standard,4,10000,10000,100,0.051253,0.002265625,0.042431640625,146.40345511197788,23.804987066293645,214.33971668724925,5.666774092264077,120116.0,116224
bfloat,kahan,4,10000,10000,100,0.051755,0.002265625,0.04291015625,24.902847195684846,23.804987066293645,6.201517984516285,5.666774092264077,120872.0,116224
double,standard,1,40000,40000,200,0.269229,0.0026953125,0.045419921875,4.084492000523075e-10,0.0,8.341537451168497e-22,0.0,947149.3592689126,947149.3592689122
double,kahan,1,40000,40000,200,0.280222,0.0026953125,0.045380859375,1.1611651038768927e-11,0.0,6.741521992307175e-25,0.0,947149.3592689122,947149.3592689122
double,standard,2,40000,40000,200,14.907211,0.003115234375,0.1347265625,-1,-1,-1,-1,925647.6982015818,-1
double,kahan,2,40000,40000,200,14.693593,0.003115234375,0.13568359375,-1,-1,-1,-1,925647.6982015818,-1
double,standard,3,40000,40000,200,0.064008,0.0022265625,0.046572265625,42.4199131992385,0.0,8.997245179154644,0.0,9470.505082126761,9458.950968088851
double,kahan,3,40000,40000,200,0.059829,0.002236328125,0.04203125,42.419913199238486,0.0,8.997245179154637,0.0,9470.505082126761,9458.950968088851
double,standard,4,40000,40000,200,0.068197,0.0023046875,0.04642578125,2.980590508409285e-11,0.0,4.441959889409759e-24,0.0,947149.3592689123,947149.3592689122
double,kahan,4,40000,40000,200,0.037188,0.002314453125,0.04484375,1.1753261772646589e-11,0.0,6.906958114817781e-25,0.0,947149.3592689122,947149.3592689122
float,standard,1,40000,40000,200,0.245459,0.0026953125,0.046220703125,0.20313860204588427,0.9730188677051707,0.0002063264582057807,0.004733828584551262,947148.5509500001,947146.4
float,kahan,1,40000,40000,200,0.272029,0.0026953125,0.04744140625,0.0024201968052539333,0.9730188677051707,2.928676288080673e-08,0.004733828584551262,947149.3591499999,947146.4
float,standard,2,40000,40000,200,52.239643,0.00310546875,0.0995703125,-1,-1,-1,-1,925647.694431186,-1
float,kahan,2,40000,40000,200,54.427886,0.003115234375,0.09998046875,-1,-1,-1,-1,925647.694431186,-1
float,standard,3,40000,40000,200,0.063683,0.002216796875,0.041748046875,42.41990771650635,4.4206643932364465e-05,8.997242853384575,9.77113683881428e-12,9470.50519,9458.951
float,kahan,3,40000,40000,200,0.03835,0.0022265625,0.04140625,42.41991094640406,4.4206643932364465e-05,8.997244223504254,9.77113683881428e-12,9470.505107,9458.951
float,standard,4,40000,40000,200,0.050323,0.002294921875,0.043916015625,0.013658964948668919,0.9730188677051707,9.328366173448307e-07,0.004733828584551262,947149.3615,947146.4
float,kahan,4,40000,40000,200,0.071155,0.0023046875,0.043359375,0.0024446146973075293,0.9730188677051707,2.988070509145992e-08,0.004733828584551262,947149.35975,947146.4
bfloat,standard,1,40000,40000,200,0.640833,0.0026953125,0.0523828125,63413.85338003099,133.27577535901648,20106584.002520338,88.8121614877351,51200.0,860160
bfloat,kahan,1,40000,40000,200,0.85211,0.0026953125,0.05130859375,247.68887081517846,133.27577535901648,306.74888362849083,88.8121614877351,944160.0,860160
bfloat,standard,2,40000,40000,200,57.389911,0.0030859375,0.08552734375,-1,-1,-1,-1,925590.485889221,-1
bfloat,kahan,2,40000,40000,200,51.913616,0.0030859375,0.085263671875,-1,-1,-1,-1,925590.485889221,-1
bfloat,standard,3,40000,40000,200,0.06932,0.002197265625,0.041640625,44.13212293140136,1.027572711221701,9.73822137216161,0.0052795283842375865,9308.25,9728
bfloat,kahan,3,40000,40000,200,0.057455,0.002197265625,0.0431640625,42.54852695058277,1.027572711221701,9.05188572832234,0.0052795283842375865,9470.0,9728
bfloat,standard,4,40000,40000,200,0.062904,0.002275390625,0.046328125,2286.0572956155993,133.27577535901648,26130.289794186534,88.8121614877351,917504.0,860160
bfloat,kahan,4,40000,40000,200,0.072838,0.002275390625,0.042001953125,132.87738626766856,133.27577535901648,88.28199890663596,88.8121614877351,947040.0,860160
double,standard,1,90000,90000,300,0.591457,0.00369140625,0.056796875,1.5996561407205744e-09,0.0,8.529665895150141e-21,0.0,3398346.6736516915,3398346.6736516906
double,kahan,1,90000,90000,300,0.668107,0.003701171875,0.057421875,2.6979972925239646e-11,0.0,2.426396463488881e-24,0.0,3398346.6736516915,3398346.6736516906
double,standard,2,90000,90000,300,211.160884,0.006162109375,0.365146484375,-1,-1,-1,-1,3502514.0138076213,-1
double,kahan,2,90000,90000,300,146.064147,0.00615234375,0.366396484375,-1,-1,-1,-1,3502514.0138076213,-1
double,standard,3,90000,90000,300,0.058227,0.002236328125,0.0419140625,71.985944737827,0.0,17.273254132658277,0.0,22665.628037754912,22681.880065316
double,kahan,3,90000,90000,300,0.063605,0.00224609375,0.045400390625,71.98594473782701,0.0,17.27325413265828,0.0,22665.628037754912,22681.880065316
double,standard,4,90000,90000,300,0.074331,0.002333984375,0.045205078125,1.0392146110160466e-10,0.0,3.5998900258307767e-23,0.0,3398346.6736516915,3398346.6736516906
double,kahan,4,90000,90000,300,0.07283,0.002333984375,0.04435546875,2.635966074410942e-11,0.0,2.3161057151484773e-24,0.0,3398346.6736516915,3398346.6736516906
float,standard,1,90000,90000,300,0.350063,0.003681640625,0.0555078125,1.0506648052336778,2.4039573856474967,0.0036796551098557395,0.019263370373363828,3398336.4894999997,3398340.0
float,kahan,1,90000,90000,300,0.690867,0.00369140625,0.055888671875,0.006847825612064636,2.4039573856474967,1.5630905204416136e-07,0.019263370373363828,3398346.683,3398340.0
float,standard,2,90000,90000,300,176.768157,0.006142578125,0.259619140625,-1,-1,-1,-1,3502514.007268297,-1
float,kahan,2,90000,90000,300,175.022017,0.006142578125,0.262529296875,-1,-1,-1,-1,3502514.007268297,-1
float,standard,3,90000,90000,300,0.066107,0.0022265625,0.0466796875,71.98596138011142,6.282123605553622e-05,17.27326211939631,1.3155025665151347e-11,22665.628314999998,22681.879
float,kahan,3,90000,90000,300,0.062372,0.002236328125,0.04548828125,71.98594910424104,6.282123605553622e-05,17.273256228127938,1.3155025665151347e-11,22665.628009000004,22681.879
float,standard,4,90000,90000,300,0.071177,0.0023046875,0.04501953125,0.05290845836637687,2.4039573856474967,9.331016555688782e-06,0.019263370373363828,3398346.631,3398340.0
float,kahan,4,90000,90000,300,0.075702,0.002314453125,0.047177734375,0.006964279335225269,2.4039573856474967,1.6167062219681903e-07,0.019263370373363828,3398346.685,3398340.0
bfloat,standard,1,90000,90000,300,1.85259,0.003681640625,0.054912109375,191882.1406309411,308.5821630830522,122729186.3103742,317.4098379100514,76800.0,3.45702e+06
bfloat,kahan,1,90000,90000,300,2.420097,0.003681640625,0.05484375,2176.6751325207533,308.5821630830522,15793.048775114128,317.4098379100514,3361088.0,3.45702e+06
bfloat,standard,2,90000,90000,300,125.676983,0.0061328125,0.208779296875,-1,-1,-1,-1,3502380.4557594736,-1
bfloat,kahan,2,90000,90000,300,214.798311,0.006123046875,0.2058203125,-1,-1,-1,-1,3502380.4557594736,-1
bfloat,standard,3,90000,90000,300,0.080789,0.002197265625,0.0458203125,89.88440002964222,2.5426492075744154,26.930684562295824,0.02155021664259601,21776.0,23552
bfloat,kahan,3,90000,90000,300,0.079083,0.002197265625,0.041328125,71.9478602570516,2.5426492075744154,17.254981985227417,0.02155021664259601,22668.5,23552
bfloat,standard,4,90000,90000,300,0.097268,0.002275390625,0.04376953125,10461.29435226755,308.5821630830522,364795.5984159499,317.4098379100514,3224384.0,3.45702e+06
bfloat,kahan,4,90000,90000,300,0.10474,0.002275390625,0.046943359375,311.8705577301629,308.5821630830522,324.2108159297429,317.4098379100514,3399360.0,3.45702e+06
double,standard,1,160000,160000,400,0.9508,0.005107421875,0.0623046875,4.728706372348432e-09,0.0,5.590165988972167e-20,0.0,8504460.914491223,8504460.914491223
double,kahan,1,160000,160000,400,1.15128,0.0051171875,0.0631640625,5.933363874755774e-11,0.0,8.801201717564215e-24,0.0,8504460.914491223,8504460.914491223
double,standard,2,160000,160000,400,178.684005,0.011953125,0.823818359375,-1,-1,-1,-1,8167212.608431556,-1
double,kahan,2,160000,160000,400,113.701768,0.011953125,0.824619140625,-1,-1,-1,-1,8167212.608431556,-1
double,standard,3,160000,160000,400,0.072282,0.002578125,0.046083984375,98.80094785315919,0.0,24.404068241706703,0.0,42628.60061031606,42650.871789866535
double,kahan,3,160000,160000,400,0.078296,0.002587890625,0.04494140625,98.80094785315919,0.0,24.404068241706703,0.0,42628.60061031606,42650.871789866535
double,standard,4,160000,160000,400,0.078994,0.00267578125,0.04599609375,2.51547228443997e-10,0.0,1.5819002034464102e-22,0.0,8504460.914491223,8504460.914491223
double,kahan,4,160000,160000,400,0.094022,0.002685546875,0.0494921875,5.843459222599999e-11,0.0,8.536503921547246e-24,0.0,8504460.914491223,8504460.914491223
float,standard,1,160000,160000,400,0.944117,0.00509765625,0.060517578125,6.914826394527001,4.269906540799586,0.1195370601661182,0.04558025466790771,8504333.1645,8504449.0
float,kahan,1,160000,160000,400,1.142587,0.005107421875,0.060478515625,0.013176472383843708,4.269906540799586,4.3404856120548974e-07,0.04558025466790771,8504460.8975,8504449.0
float,standard,2,160000,160000,400,414.004061,0.011943359375,0.56796875,-1,-1,-1,-1,8167212.593148811,-1
float,kahan,2,160000,160000,400,123.814139,0.011943359375,0.57220703125,-1,-1,-1,-1,8167212.593148811,-1
float,standard,3,160000,160000,400,0.062033,0.00255859375,0.04201171875,98.8008951247764,7.916053148173286e-05,24.404042193642663,1.5665974361176047e-11,42628.601114,42650.875
float,kahan,3,160000,160000,400,0.069095,0.002568359375,0.0423046875,98.80094247644551,7.916053148173286e-05,24.404065585584735,1.5665974361176047e-11,42628.600594999996,42650.875
float,standard,4,160000,160000,400,0.08538,0.002646484375,0.045859375,0.12832419146356466,4.269906540799586,4.116774528694401e-05,0.04558025466790771,8504460.9705,8504449.0
float,kahan,4,160000,160000,400,0.067285,0.00265625,0.044609375,0.013323073782006005,4.269906540799586,4.437607375019395e-07,0.04558025466790771,8504460.899,8504449.0
bfloat,standard,1,160000,160000,400,2.732595,0.00509765625,0.05833984375,420295.54011655727,742.1519750799396,441620852.60467154,1376.973885287638,102656.0,8.38861e+06
bfloat,kahan,1,160000,160000,400,3.679562,0.00509765625,0.059013671875,11747.486909673398,742.1519750799396,345008.62173236965,1376.973885287638,8270336.0,8.38861e+06
bfloat,standard,2,160000,160000,400,515.197429,0.0119140625,0.44197265625,-1,-1,-1,-1,8166992.048758404,-1
bfloat,kahan,2,160000,160000,400,117.623375,0.0119140625,0.444921875,-1,-1,-1,-1,8166992.048758404,-1
bfloat,standard,3,160000,160000,400,0.087989,0.002509765625,0.047216796875,119.62816750977764,2.977787171199775,35.77724615436855,0.022168041092404892,41369.0,32768
bfloat,kahan,3,160000,160000,400,0.099607,0.002509765625,0.04619140625,99.3128936255583,2.977787171199775,24.657627100703642,0.022168041092404892,42629.0,32768
bfloat,standard,4,160000,160000,400,0.087561,0.002587890625,0.044287109375,28570.74808314543,742.1519750799396,2040719.1150763957,1376.973885287638,7957376.0,8.38861e+06
bfloat,kahan,4,160000,160000,400,0.107342,0.002587890625,0.046728515625,756.003607737218,742.1519750799396,1428.8536372792234,1376.973885287638,8504704.0,8.38861e+06
double,standard,1,250000,250000,500,1.180019,0.006923828125,0.067109375,8.41250879299726e-09,0.0,1.4154060838451247e-19,0.0,15657977.602399241,15657977.60239923
double,kahan,1,250000,250000,500,1.447453,0.006923828125,0.0673046875,8.866523863219439e-11,0.0,1.572304908340795e-23,0.0,15657977.60239923,15657977.60239923
double,standard,2,250000,250000,500,923.93521,0.017646484375,1.6,-1,-1,-1,-1,15050609.952428345,-1
double,kahan,2,250000,250000,500,968.138959,0.01765625,1.6,-1,-1,-1,-1,15050609.952428417,-1
double,standard,3,250000,250000,500,0.075958,0.002919921875,0.047294921875,118.38186086855904,0.0,28.028529965405742,0.0,62644.34743411772,62591.814962219476
double,kahan,3,250000,250000,500,0.072883,0.0029296875,0.044892578125,118.38186086855903,0.0,28.02852996540574,0.0,62644.34743411772,62591.814962219476
double,standard,4,250000,250000,500,0.073373,0.00302734375,0.04943359375,4.053857751045726e-10,0.0,3.2867525331427022e-22,0.0,15657977.60239923,15657977.60239923
double,kahan,4,250000,250000,500,0.088285,0.003037109375,0.050380859375,8.753856975465871e-11,0.0,1.5326002389382496e-23,0.0,15657977.60239923,15657977.60239923
float,standard,1,250000,250000,500,1.231232,0.006904296875,0.063662109375,16.41380327700839,6.8948202783821815,0.5388258760326627,0.09507709334238028,15657628.8085,15657932.0
float,kahan,1,250000,250000,500,1.38721,0.0069140625,0.06408203125,0.01530144236515685,6.8948202783821815,4.6826827690843367e-07,0.09507709334238028,15657977.607,15657932.0
float,standard,2,250000,250000,500,197.037702,0.017666015625,1.1,-1,-1,-1,-1,15050609.953205638,-1
float,kahan,2,250000,250000,500,215.613039,0.01765625,1.11,-1,-1,-1,-1,15050609.953205638,-1
float,standard,3,250000,250000,500,0.058122,0.002890625,0.04712890625,118.38183751953137,0.00015069818861190124,28.028518909001455,4.541988810181633e-11,62644.346944000004,62591.812
float,kahan,3,250000,250000,500,0.072216,0.002900390625,0.044580078125,118.38185739663689,0.00015069818861190124,28.028528321355342,4.541988810181633e-11,62644.347326,62591.812
float,standard,4,250000,250000,500,0.0636,0.002978515625,0.048310546875,0.20915822020937175,6.8948202783821815,8.74943221623041e-05,0.09507709334238028,15657977.539,15657932.0
float,kahan,4,250000,250000,500,0.086336,0.002998046875,0.047138671875,0.015605061576211582,6.8948202783821815,4.870358935947102e-07,0.09507709334238028,15657977.595,15657932.0
bfloat,standard,1,250000,250000,500,3.398416,0.006904296875,0.060302734375,694728.5249164578,884.5513178877629,965295446.6651946,1564.8620679539563,128512.0,8.84736e+06
bfloat,kahan,1,250000,250000,500,4.413439,0.006904296875,0.061044921875,34587.35331259435,884.5513178877629,2392570.0183404633,1564.8620679539563,14885632.0,8.84736e+06
bfloat,standard,3,250000,250000,500,0.085571,0.0028125,0.043154296875,133.05776078830255,4.1783656395935935,35.408735411994286,0.034917478836272754,61352.0,47104
bfloat,kahan,3,250000,250000,500,0.089142,0.0028125,0.043779296875,119.46356860364115,4.1783656395935935,28.543088447033746,0.034917478836272754,62638.0,47104
bfloat,standard,4,250000,250000,500,0.107139,0.002900390625,0.048369140625,21552.233009032974,884.5513178877629,928997.495351301,1564.8620679539563,15268224.0,8.84736e+06
bfloat,kahan,4,250000,250000,500,0.105639,0.002900390625,0.045703125,976.3896559721304,884.5513178877629,1906.6735205787504,1564.8620679539563,15653248.0,8.84736e+06
double,standard,1,360000,360000,600,1.410852,0.0091015625,0.076259765625,1.8515057730520252e-08,0.0,5.713456046074963e-19,0.0,27624277.11911685,27624277.119116828
double,kahan,1,360000,360000,600,1.665958,0.009111328125,0.07552734375,1.673470251262188e-10,0.0,4.6675044697658844e-23,0.0,27624277.119116828,27624277.119116828
double,standard,3,360000,360000,600,0.073098,0.002958984375,0.04515625,141.89954715846704,0.0,33.55913580629669,0.0,92081.87243577294,92102.33433268638
double,kahan,3,360000,360000,600,0.055514,0.003017578125,0.04779296875,141.89954715846707,0.0,33.5591358062967,0.0,92081.87243577294,92102.33433268638
double,standard,4,360000,360000,600,0.06717,0.003125,0.050390625,7.958780219786236e-10,0.0,1.0557030431143441e-21,0.0,27624277.119116828,27624277.119116828
double,kahan,4,360000,360000,600,0.100188,0.0031640625,0.050546875,1.695469865478087e-10,0.0,4.7910301079071364e-23,0.0,27624277.119116828,27624277.119116828
float,standard,1,360000,360000,600,1.376588,0.00908203125,0.070419921875,80.64697676130231,10.598938225911116,10.839891434563391,0.1872291525277998,27622325.1155,27624184.0
float,kahan,1,360000,360000,600,1.669509,0.009091796875,0.071728515625,0.03352847645588407,10.598938225911116,1.8735978890879536e-06,0.1872291525277998,27624277.2045,27624184.0
float,standard,3,360000,360000,600,0.073174,0.00291015625,0.044609375,141.89954626711895,0.0002451494389911607,33.55913538469039,1.0016374572946806e-10,92081.872155,92102.336
float,kahan,3,360000,360000,600,0.076239,0.002939453125,0.045029296875,141.89954806936296,0.0002451494389911607,33.55913623714908,1.0016374572946806e-10,92081.872515,92102.336
float,standard,4,360000,360000,600,0.091047,0.0030078125,0.051923828125,0.42085616365114414,10.598938225911116,0.00029519985080526435,0.1872291525277998,27624276.927500002,27624184.0
float,kahan,4,360000,360000,600,0.092536,0.00306640625,0.049453125,0.03374407812134254,10.598938225911116,1.8977713470987801e-06,0.1872291525277998,27624277.1225,27624184.0
bfloat,standard,1,360000,360000,600,4.06246,0.00908203125,0.06904296875,1121731.8590957709,1840.3367344422338,2097137272.8507576,5644.732160229175,154112.0,1.67772e+07
bfloat,kahan,1,360000,360000,600,5.166661,0.00908203125,0.06845703125,107944.73246558126,1840.3367344422338,19420108.778443187,5644.732160229175,24983296.0,1.67772e+07
bfloat,standard,3,360000,360000,600,0.100731,0.00283203125,0.0433203125,159.68950475891813,7.050274047030236,42.50122988358089,0.08284394023038018,90466.0,65536
bfloat,kahan,3,360000,360000,600,0.105872,0.00283203125,0.043681640625,142.1915650344295,7.050274047030236,33.69740194490065,0.08284394023038018,92072.0,65536
bfloat,standard,4,360000,360000,600,0.1049,0.0029296875,0.0476953125,179487.79582305494,1840.3367344422338,53693114.7490311,5644.732160229175,23271680.0,1.67772e+07
bfloat,kahan,4,360000,360000,600,0.110915,0.0029296875,0.04697265625,1865.114665960274,1840.3367344422338,5797.754528633507,5644.732160229175,27619584.0,1.67772e+07
double,standard,1,490000,490000,700,1.681124,0.011708984375,0.083076171875,2.8662711313260978e-08,0.0,1.1736443140390554e-18,0.0,43820471.00645569,43820471.00645566
double,kahan,1,490000,490000,700,1.979889,0.01171875,0.083544921875,3.4597159328313837e-10,0.0,1.7099477622696188e-22,0.0,43820471.00645567,43820471.00645566
double,standard,3,490000,490000,700,0.071672,0.003359375,0.0473828125,170.11341764836075,0.0,41.34082123429373,0.0,125199.30544110002,125308.1977875485
double,kahan,3,490000,490000,700,0.083369,0.0033984375,0.049404296875,170.1134176483607,0.0,41.34082123429371,0.0,125199.30544110003,125308.1977875485
double,standard,4,490000,490000,700,0.101207,0.0034375,0.0537890625,1.1176590888832244e-09,0.0,1.784516912804685e-21,0.0,43820471.00645566,43820471.00645566
double,kahan,4,490000,490000,700,0.106181,0.0034765625,0.0534375,3.462774921875329e-10,0.0,1.7129728799383842e-22,0.0,43820471.00645567,43820471.00645566
float,standard,1,490000,490000,700,1.599626,0.011689453125,0.077578125,132.5385522005676,15.01764866746435,25.09495402774655,0.3221853878562768,43816998.4075,43820284.0
float,kahan,1,490000,490000,700,1.932374,0.01169921875,0.076279296875,0.03906492559974888,15.01764866746435,2.1800977315913082e-06,0.3221853878562768,43820471.029,43820284.0
float,standard,3,490000,490000,700,0.078798,0.0032421875,0.0459375,170.11340910044476,0.00022187834783927678,41.34081707967898,7.032857319983872e-11,125199.306055,125308.195
float,kahan,3,490000,490000,700,0.081639,0.00326171875,0.04544921875,170.11340881323707,0.00022187834783927678,41.34081694008504,7.032857319983872e-11,125199.30579,125308.195
float,standard,4,490000,490000,700,0.09682,0.003349609375,0.051767578125,0.5700705749881109,15.01764866746435,0.0004642578006675362,0.3221853878562768,43820471.405,43820284.0
float,kahan,4,490000,490000,700,0.100693,0.00341796875,0.052021484375,0.03943393598350283,15.01764866746435,2.2214790102157136e-06,0.3221853878562768,43820471.100999996,43820284.0
bfloat,standard,1,490000,490000,700,4.599141,0.0116796875,0.072939453125,1649884.013859906,2050.9902459198315,3888738941.700678,6009.372841226132,179968.0,1.78258e+07
bfloat,kahan,1,490000,490000,700,6.176495,0.0116796875,0.0730078125,222526.32088998007,2050.9902459198315,70739947.84118626,6009.372841226132,37938176.0,1.78258e+07
bfloat,standard,3,490000,490000,700,0.103328,0.00314453125,0.04880859375,192.01613084115593,7.700623417638136,52.671706433154164,0.08471371574325262,123215.0,65536
bfloat,kahan,3,490000,490000,700,0.098831,0.00314453125,0.0448828125,169.71763464012062,7.700623417638136,41.14867929691067,0.08471371574325262,125206.0,65536
bfloat,standard,4,490000,490000,700,0.114876,0.0032421875,0.049013671875,220622.9836271996,2050.9902459198315,69535001.2922394,6009.372841226132,38078720.0,1.78258e+07
bfloat,kahan,4,490000,490000,700,0.115684,0.003251953125,0.04982421875,2108.396947707125,2050.9902459198315,6350.482413001031,6009.372841226132,43823616.0,1.78258e+07
double,standard,1,640000,640000,800,1.873889,0.014736328125,0.099560546875,5.192088482603207e-08,0.0,3.369722851397609e-18,0.0,63194388.12584055,63194388.1258406
double,kahan,1,640000,640000,800,2.253378,0.01474609375,0.098544921875,5.248785250841009e-10,0.0,3.4437183261807648e-22,0.0,63194388.1258406,63194388.1258406
double,standard,3,640000,640000,800,0.084891,0.003994140625,0.050966796875,187.47251877188523,0.0,43.93243161834358,0.0,158081.66672952287,158182.05727452866
double,kahan,3,640000,640000,800,0.091812,0.004140625,0.051826171875,187.47251877188532,0.0,43.932431618343614,0.0,158081.66672952287,158182.05727452866
double,standard,4,640000,640000,800,0.106905,0.004130859375,0.0599609375,1.8976166148658282e-09,0.0,4.501186021268556e-21,0.0,63194388.1258406,63194388.1258406
double,kahan,4,640000,640000,800,0.106154,0.0043359375,0.060146484375,5.264898213536229e-10,0.0,3.4648941498621223e-22,0.0,63194388.1258406,63194388.1258406
float,standard,1,640000,640000,800,1.837967,0.01470703125,0.090439453125,386.8801417802746,28.240048681523916,187.0953051299067,0.9968754369185509,63183505.688999996,63193744.0
float,kahan,1,640000,640000,800,2.173087,0.014716796875,0.090908203125,0.08519883714015317,28.240048681523916,9.073552312542927e-06,0.9968754369185509,63194388.166999996,63193744.0
float,standard,3,640000,640000,800,0.089351,0.00388671875,0.047705078125,187.47247592530695,0.0003458607277668886,43.93241153695599,1.495245537643023e-10,158081.66698,158182.06
float,kahan,3,640000,640000,800,0.073591,0.003994140625,0.0480859375,187.4725214335833,0.0003458607277668886,43.932432865831686,1.495245537643023e-10,158081.66678,158182.06
float,standard,4,640000,640000,800,0.106197,0.004033203125,0.05603515625,0.9740292589208819,28.240048681523916,0.0011859162465424529,0.9968754369185509,63194386.764,63193744.0
float,kahan,4,640000,640000,800,0.105449,0.0041015625,0.056044921875,0.08502092434519676,28.240048681523916,9.035696970639589e-06,0.9968754369185509,63194388.193,63193744.0
bfloat,standard,1,640000,640000,800,5.613949,0.014697265625,0.084755859375,2227440.5528092175,4193.856940576753,6201864270.373791,21985.545047529755,206080.0,3.35544e+07
bfloat,kahan,1,640000,640000,800,6.870943,0.014697265625,0.0856640625,395173.7102600402,4193.856940576753,195202826.60085773,21985.545047529755,52071936.0,3.35544e+07
bfloat,standard,3,640000,640000,800,0.10281,0.00376953125,0.04486328125,199.78467475614679,8.202327570133315,49.89239533427419,0.08409772195971138,156301.0,65536
bfloat,kahan,3,640000,640000,800,0.102167,0.00376953125,0.04734375,187.84372187950697,8.202327570133315,44.10657981193195,0.08409772195971138,158105.0,65536
bfloat,standard,4,640000,640000,800,0.113531,0.003876953125,0.0511328125,382507.4872375964,4193.856940576753,182889972.241025,21985.545047529755,52465664.0,3.35544e+07
bfloat,kahan,4,640000,640000,800,0.112598,0.003876953125,0.051240234375,4236.896093824304,4193.856940576753,22439.110637329562,21985.545047529755,63194624.0,3.35544e+07
double,standard,1,810000,810000,900,2.084011,0.018125,0.107421875,7.490999891196305e-08,0.0,6.235008818878115e-18,0.0,90505176.0853498,90505176.08534983
double,kahan,1,810000,810000,900,2.518497,0.018134765625,0.10794921875,3.872012805557481e-10,0.0,1.6658314629334572e-22,0.0,90505176.08534986,90505176.08534983
double,standard,3,810000,810000,900,0.075067,0.00443359375,0.0530859375,202.19539600874785,0.0,45.42553129681596,0.0,201291.01288051822,201201.67956534756
double,kahan,3,810000,810000,900,0.093595,0.0044140625,0.05296875,202.19539600874788,0.0,45.42553129681597,0.0,201291.01288051822,201201.67956534756
double,standard,4,810000,810000,900,0.106319,0.004609375,0.06384765625,2.516135132701631e-09,0.0,7.034373340017172e-21,0.0,90505176.08534984,90505176.08534983
double,kahan,4,810000,810000,900,0.11222,0.004677734375,0.063154296875,3.7862953704484063e-10,0.0,1.5928925146976704e-22,0.0,90505176.08534986,90505176.08534983
float,standard,1,810000,810000,900,2.071806,0.018095703125,0.09755859375,691.8754724333404,27.39931510671835,531.879632616509,0.8341360759080494,90484504.10100001,90504664.0
float,kahan,1,810000,810000,900,2.45652,0.01810546875,0.0967578125,0.09196329005514169,27.39931510671835,9.396940797517914e-06,0.8341360759080494,90505176.123,90504664.0
float,standard,3,810000,810000,900,0.078627,0.0040625,0.049775390625,202.1954533132297,0.00039624257981462014,45.42555704504717,1.744535356201618e-10,201291.01301,201201.69
float,kahan,3,810000,810000,900,0.094759,0.00431640625,0.050068359375,202.1954054424691,0.00039624257981462014,45.425535535604965,1.744535356201618e-10,201291.01270999998,201201.69
float,standard,4,810000,810000,900,0.106341,0.00421875,0.057763671875,1.3944328866558604,27.39931510671835,0.0021604923059859948,0.8341360759080494,90505176.65,90504664.0
float,kahan,4,810000,810000,900,0.106553,0.004443359375,0.057998046875,0.092081027913824,27.39931510671835,9.421017446296037e-06,0.8341360759080494,90505175.958,90504664.0
bfloat,standard,1,810000,810000,900,5.747495,0.0180859375,0.089775390625,3009692.6984572224,4453.31932777741,10064722376.829685,22035.614483506488,231936.0,3.35544e+07
bfloat,kahan,1,810000,810000,900,7.749834,0.0180859375,0.090263671875,1057855.6717663745,4453.31932777741,1243398469.2092085,22035.614483506488,58846208.0,3.35544e+07
bfloat,standard,3,810000,810000,900,0.102341,0.004072265625,0.04685546875,210.20916584116642,8.465555292641387,49.09765933737668,0.0796284737919651,199785.0,65536
bfloat,kahan,3,810000,810000,900,0.108589,0.004072265625,0.0466796875,201.99151410017691,8.465555292641387,45.333968631646634,0.0796284737919651,201270.0,65536
bfloat,standard,4,810000,810000,900,0.11029,0.00419921875,0.0546484375,1050024.262364173,4453.31932777741,1225056612.8371394,22035.614483506488,59101696.0,3.35544e+07
bfloat,kahan,4,810000,810000,900,0.115533,0.00419921875,0.0534765625,4510.531065096221,4453.31932777741,22605.433876886724,22035.614483506488,90501120.0,3.35544e+07
double,standard,1,1000000,1000000,1000,2.269223,0.021953125,0.1159765625,9.835773631886622e-08,0.0,9.674244293771615e-18,0.0,123618718.4978483,123618718.49784847
double,kahan,1,1000000,1000000,1000,2.737426,0.021962890625,0.117158203125,4.788884739363663e-10,0.0,2.293341704691018e-22,0.0,123618718.49784848,123618718.49784847
double,standard,3,1000000,1000000,1000,0.10093,0.0051171875,0.054638671875,228.02927721531967,0.0,51.9973512673411,0.0,247309.53320503669,247321.07057877228
double,kahan,3,1000000,1000000,1000,0.103024,0.004990234375,0.057412109375,228.02927721531967,0.0,51.99735126734111,0.0,247309.5332050367,247321.07057877228
double,standard,4,1000000,1000000,1000,0.110605,0.005263671875,0.067861328125,3.10464352595919e-09,0.0,9.638811423280311e-21,0.0,123618718.49784848,123618718.49784847
double,kahan,4,1000000,1000000,1000,0.109997,0.005263671875,0.069384765625,4.760055812598475e-10,0.0,2.2658131339052535e-22,0.0,123618718.49784848,123618718.49784847
float,standard,1,1000000,1000000,1000,2.268288,0.021923828125,0.10447265625,1128.499740026359,36.79919620052413,1273.5116632395595,1.3541808410046694,123583142.355,123617940.0
float,kahan,1,1000000,1000000,1000,2.729364,0.021923828125,0.102333984375,0.09787120103179853,36.79919620052413,9.578771991406721e-06,1.3541808410046694,123618718.59799999,123617940.0
float,standard,3,1000000,1000000,1000,0.103789,0.00466796875,0.053896484375,228.02930652028908,0.000496439076859789,51.99736463212395,2.464517570333996e-10,247309.53388,247321.08
float,kahan,3,1000000,1000000,1000,0.101058,0.005,0.05470703125,228.02927157138404,0.000496439076859789,51.99734869337602,2.464517570333996e-10,247309.53287,247321.08
float,standard,4,1000000,1000000,1000,0.106929,0.0050390625,0.062919921875,1.6484081564709139,36.79919620052413,0.002717249450319837,1.3541808410046694,123618716.99599999,123617940.0
float,kahan,4,1000000,1000000,1000,0.10958,0.0051171875,0.06369140625,0.09729991573464153,36.79919620052413,9.467273601968343e-06,1.3541808410046694,123618718.704,123617940.0
bfloat,standard,1,1000000,1000000,1000,6.699183,0.0219140625,0.0956640625,3901688.1200285656,4682.391634518253,15223170185.97204,21924.791419006524,258048.0,3.35544e+07
bfloat,kahan,1,1000000,1000000,1000,9.134889,0.021904296875,0.095947265625,1841998.616388709,4682.391634518253,3392958902.777919,21924.791419006524,65465344.0,3.35544e+07
bfloat,standard,3,1000000,1000000,1000,0.102778,0.004697265625,0.04953125,233.88483229918907,9.755264850705425,54.7021147796198,0.09516519230740875,245805.0,79872
bfloat,kahan,3,1000000,1000000,1000,0.106224,0.004697265625,0.04775390625,227.3873698267938,9.755264850705425,51.70501595674708,0.09516519230740875,247288.0,79872
bfloat,standard,4,1000000,1000000,1000,0.110095,0.00482421875,0.057734375,1833303.9014754945,4682.391634518253,3361003195.1652694,21924.791419006524,65759232.0,3.35544e+07
bfloat,kahan,4,1000000,1000000,1000,0.118967,0.004833984375,0.05724609375,4812.379513063167,4682.391634518253,23158.996577750084,21924.791419006524,123607552.0,3.35544e+07
double,standard,1,6250000,6250000,2500,14.570325,0.126865234375,0.48318359375,2.756425419205491e-06,0.0,3.0391524366568667e-15,0.0,1976250519.705926,1976250519.7059274
double,kahan,1,6250000,6250000,2500,16.157038,0.126923828125,0.484248046875,5.480182494940152e-09,0.0,1.2012960071139389e-20,0.0,1976250519.7059276,1976250519.7059274
double,standard,3,6250000,6250000,2500,0.125509,0.0166015625,0.11369140625,590.2164011808791,0.0,139.34216008916334,0.0,1580351.8349116198,1579792.498275027
double,kahan,3,6250000,6250000,2500,0.125926,0.0177734375,0.11431640625,590.2164011808791,0.0,139.34216008916337,0.0,1580351.8349116198,1579792.498275027
double,standard,4,6250000,6250000,2500,0.144547,0.017041015625,0.169970703125,5.507441423020094e-08,0.0,1.2132764411199037e-18,0.0,1976250519.7059276,1976250519.7059274
double,kahan,4,6250000,6250000,2500,0.153961,0.01830078125,0.171748046875,5.421755380088006e-09,0.0,1.1758172560605296e-20,0.0,1976250519.7059276,1976250519.7059274
float,standard,1,6250000,6250000,2500,13.86315,0.12673828125,0.404287109375,290319.92813820683,1343.7942917485914,33714264.269669436,722.3132394144393,1961778013.27,1976183900.0
float,kahan,1,6250000,6250000,2500,15.858398,0.126767578125,0.4049609375,1.1435371200714268,1343.7942917485914,0.0005230708579925011,722.3132394144393,1976250520.29,1976183900.0
float,standard,3,6250000,6250000,2500,0.122206,0.015166015625,0.09828125,590.2164320243763,0.0020363108040270675,139.34217465263407,1.6586246762389446e-09,1580351.8341100002,1579792.5
float,kahan,3,6250000,6250000,2500,0.119618,0.016318359375,0.098974609375,590.2163921998269,0.0020363108040270675,139.34215584855198,1.6586246762389446e-09,1580351.8360899999,1579792.5
float,standard,4,6250000,6250000,2500,0.13407,0.015546875,0.140419921875,28.948895301512298,1343.7942917485914,0.3352154156711683,722.3132394144393,1976250531.62,1976183900.0
float,kahan,4,6250000,6250000,2500,0.138028,0.016787109375,0.141875,1.1461765221822597,1343.7942917485914,0.0005254882480007281,722.3132394144393,1976250518.88,1976183900.0
bfloat,standard,1,6250000,6250000,2500,52.687513,0.12666015625,0.352626953125,39514527.92779658,59825.49344802528,624559166942.6464,1431635.866519886,654336.0,2.68435e+08
bfloat,kahan,1,6250000,6250000,2500,73.240156,0.126650390625,0.352705078125,36200147.17724898,59825.49344802528,524180262261.7948,1431635.866519886,166528512.0,2.68435e+08
bfloat,standard,3,6250000,6250000,2500,0.127687,0.01419921875,0.08146484375,632.7633730929493,57.9790759668061,160.1557945311868,1.344629299985869,1572888.0,262144
bfloat,kahan,3,6250000,6250000,2500,0.131532,0.01419921875,0.080927734375,591.988994193382,57.9790759668061,140.18038769843682,1.344629299985869,1580184.0,262144
bfloat,standard,4,6250000,6250000,2500,0.152681,0.014599609375,0.10998046875,26277659.994021866,59825.49344802528,276206165904.5669,1431635.866519886,664223744.0,2.68435e+08
bfloat,kahan,4,6250000,6250000,2500,0.178263,0.01458984375,0.108896484375,61778.11289660047,59825.49344802528,1526614.0932260451,1431635.866519886,1976086528.0,2.68435e+08
double,standard,1,25000000,25000000,5000,141.558811,0.4994140625,1.78,2575851.2198708677,0.0,1327001901.3820474,0.0,15816932294.958935,15816932294.958958
double,kahan,1,25000000,25000000,5000,152.567994,0.499423828125,1.78,2559333.613707202,0.0,1310037709.250313,0.0,15816932294.95896,15816932294.958958
double,standard,3,25000000,25000000,5000,0.195717,0.0274609375,0.29427734375,1198.2034620112042,0.0,287.1383072751271,0.0,6326385.847324697,6327027.5876702275
double,kahan,3,25000000,25000000,5000,0.204069,0.027255859375,0.295380859375,1204.3351864429133,0.0,290.0846482608973,0.0,6326385.847324696,6327027.5876702275
double,standard,4,25000000,25000000,5000,0.253852,0.02951171875,0.503857421875,2582312.607391845,0.0,1333667680.458974,0.0,15816932294.95896,15816932294.958958
double,kahan,4,25000000,25000000,5000,0.26752,0.02943359375,0.502216796875,2573363.15523412,0.0,1324439585.7433012,0.0,15816932294.958961,15816932294.958958
float,standard,1,25000000,25000000,5000,133.31094,0.498740234375,1.41,13542657.47615334,15252.01410981283,36680714303.28239,46524.78688118593,14881826785.75,15815854000.0
float,kahan,1,25000000,25000000,5000,146.208729,0.498740234375,1.4,2536891.6536748013,15252.01410981283,1287163852.4969735,46524.78688118593,15816932311.5,15815854000.0
float,standard,3,25000000,25000000,5000,0.167688,0.02708984375,0.21357421875,1203.4706069183123,0.00726979874039873,289.6683003432662,1.0569994745180593e-08,6326385.855450001,6327027.5
float,kahan,3,25000000,25000000,5000,0.172561,0.027041015625,0.205576171875,1205.8192465013756,0.00726979874039873,290.80001104662904,1.0569994745180593e-08,6326385.857349999,6327027.5
float,standard,4,25000000,25000000,5000,0.227013,0.02884765625,0.3397265625,2582794.6390883466,15252.01410981283,1334165629.5407004,46524.78688118593,15816932233.25,15815854000.0
float,kahan,4,25000000,25000000,5000,0.237092,0.028740234375,0.328564453125,2552250.3359043887,15252.01410981283,1302796355.424813,46524.78688118593,15816932317.75,15815854000.0
bfloat,standard,1,25000000,25000000,5000,421.805069,0.4984375,1.22,223673666.4278525,396039.0363641812,10005981810655.646,31369383.664853845,1339136.0,1.07374e+09
bfloat,kahan,1,25000000,25000000,5000,565.369059,0.498447265625,1.22,218868652.04581037,396039.0363641812,9580697369670.004,31369383.664853845,341269248.0,1.07374e+09
bfloat,standard,3,25000000,25000000,5000,0.210353,0.0258203125,0.169580078125,1578.332047588695,164.4243034579759,498.2264104891046,5.407070313528108,6264776.0,524288
bfloat,kahan,3,25000000,25000000,5000,0.249578,0.025771484375,0.168916015625,1203.2568370282331,164.4243034579759,289.5654031710376,5.407070313528108,6325912.0,524288
bfloat,standard,4,25000000,25000000,5000,0.286572,0.0275390625,0.25537109375,185336780.93278357,396039.0363641812,6869944473305.321,31369383.664853845,2720931840.0,1.07374e+09
bfloat,kahan,4,25000000,25000000,5000,0.352216,0.027158203125,0.254599609375,2576903.743800715,396039.0363641812,1328086580.9628282,31369383.664853845,15815196672.0,1.07374e+09
double,standard,1,56250000,56250000,7500,461.943445,1.15,3.74,5785683.6736648055,0.0,4463218076.228198,0.0,52837193102.74245,52837193102.74254
double,kahan,1,56250000,56250000,7500,511.989227,1.15,3.74,5828941.099228647,0.0,4530207245.103582,0.0,52837193102.742546,52837193102.74254
double,standard,3,56250000,56250000,7500,0.314062,0.029091796875,0.531953125,1787.7785638081295,0.0,426.15362576158117,0.0,14090168.917918487,14089965.34286473
double,kahan,3,56250000,56250000,7500,0.29688,0.02900390625,0.5376953125,1806.3417406103092,0.0,435.0493978494776,0.0,14090168.917918487,14089965.34286473
double,standard,4,56250000,56250000,7500,0.408359,0.03310546875,0.9765625,5814256.300075346,0.0,4507410176.395447,0.0,52837193102.742546,52837193102.74254
double,kahan,4,56250000,56250000,7500,0.427547,0.032958984375,0.97431640625,5725052.729352493,0.0,4370163833.848857,0.0,52837193102.74255,52837193102.74254
float,standard,1,56250000,56250000,7500,435.118249,1.15,2.88,102227047.24563697,58553.408042958625,1393382558474.8926,457133.54579269484,44061356639.0,52832125000.0
float,kahan,1,56250000,56250000,7500,478.660998,1.15,2.87,5862604.274990225,58553.408042958625,4582683851.351155,457133.54579269484,52837193108.0,52832125000.0
float,standard,3,56250000,56250000,7500,0.247303,0.02845703125,0.334990234375,1822.6297682430918,0.012891107061276873,442.9305696114489,2.215741883537366e-08,14090168.937150002,14089965.0
float,kahan,3,56250000,56250000,7500,0.221669,0.0282421875,0.327939453125,1813.819498650279,0.012891107061276873,438.65882315785996,2.215741883537366e-08,14090168.9232,14089965.0
float,standard,4,56250000,56250000,7500,0.337972,0.0319921875,0.581708984375,5869485.119991725,58553.408042958625,4593447409.8405695,457133.54579269484,52837193468.5,52832125000.0
float,kahan,4,56250000,56250000,7500,0.323288,0.031875,0.569462890625,5871920.019868618,58553.408042958625,4597259295.964517,457133.54579269484,52837193110.5,52832125000.0
bfloat,standard,1,56250000,56250000,7500,1403.262279,1.14,2.49,610101446.3591402,817289.5476164073,49629836646601.97,89061627.28573756,2062336.0,2.14748e+09
bfloat,kahan,1,56250000,56250000,7500,1873.904266,1.14,2.49,604059668.7660093,817289.5476164073,48651744457293.445,89061627.28573756,525455872.0,2.14748e+09
bfloat,standard,3,56250000,56250000,7500,0.32788,0.027236328125,0.25533203125,3825.336930615125,200.07521711392843,1951.093684363726,5.337345667091413,13810256.0,524288
bfloat,kahan,3,56250000,56250000,7500,0.405078,0.02716796875,0.256279296875,1825.0457044260784,200.07521711392843,444.1055764325441,5.337345667091413,14089328.0,524288
bfloat,standard,4,56250000,56250000,7500,0.478696,0.03029296875,0.421640625,561729222.1887642,817289.5476164073,42071962541439.195,89061627.28573756,4201103360.0,2.14748e+09
bfloat,kahan,4,56250000,56250000,7500,0.654562,0.030107421875,0.424208984375,5892534.686738728,817289.5476164073,4629595337.922543,89061627.28573756,52831191040.0,2.14748e+09
double,standard,1,100000000,100000000,10000,1042.459822,2.04,6.78,10191557.23457756,0.0,10386783886.567022,0.0,124482065307.35483,124482065307.35477
double,kahan,1,100000000,100000000,10000,1157.333863,2.04,6.77,10274701.376607621,0.0,10556948837.846254,0.0,124482065307.35478,124482065307.35477
double,standard,3,100000000,100000000,10000,0.437408,0.031689453125,0.857333984375,2342.2456746493376,0.0,548.611480041353,0.0,24895902.745241106,24898100.581295405
double,kahan,3,100000000,100000000,10000,0.460877,0.031611328125,0.86052734375,2361.71177873317,0.0,557.7682525806994,0.0,24895902.7452411,24898100.581295405
double,standard,4,100000000,100000000,10000,0.627087,0.038017578125,1.66,10211290.980712967,0.0,10427046349.278997,0.0,124482065307.3548,124482065307.35477
double,kahan,4,100000000,100000000,10000,0.672495,0.037919921875,1.66,10151969.002183404,0.0,10306247462.129269,0.0,124482065307.3548,124482065307.35477
float,standard,1,100000000,100000000,10000,992.13682,2.03,5.25,355026105.4986388,170929.434890118,12604353558553.062,2921687.171185509,89257540094.0,124464970000.0
float,kahan,1,100000000,100000000,10000,1086.66697,2.03,5.24,10123636.473360451,170929.434890118,10248801544.475403,2921687.171185509,124482065463.0,124464970000.0
float,standard,3,100000000,100000000,10000,0.338725,0.03087890625,0.510302734375,2361.3602140027333,0.016254671125974864,557.6022060275035,2.6421433341360096e-08,24895902.78835,24898100.0
float,kahan,3,100000000,100000000,10000,0.34063,0.03052734375,0.50513671875,2343.6273081038757,0.016254671125974864,549.258895929022,2.6421433341360096e-08,24895902.7604,24898100.0
float,standard,4,100000000,100000000,10000,0.483528,0.036357421875,0.92609375,10224827.256831245,170929.434890118,10454709243.203917,2921687.171185509,124482064907.0,124464970000.0
float,kahan,4,100000000,100000000,10000,0.498681,0.0362109375,0.916103515625,10223772.419833424,170929.434890118,10452552249.25466,2921687.171185509,124482065427.0,124464970000.0
bfloat,standard,1,100000000,100000000,10000,3294.642422,2.03,4.55,1244813290.2585402,2118402.7015096247,154956012760429.25,448763000.57632756,2829056.0,4.29497e+09
bfloat,kahan,1,100000000,100000000,10000,4395.032251,2.03,4.55,1237631827.6439266,2118402.7015096247,153173254079724.6,448763000.57632756,721142528.0,4.29497e+09
bfloat,standard,3,100000000,100000000,10000,0.478909,0.02927734375,0.369228515625,8536.547397362785,462.4838563957463,7287.264146742135,21.389131742668127,24088768.0,1.04858e+06
bfloat,kahan,3,100000000,100000000,10000,0.590649,0.029013671875,0.3688671875,2398.4078575243648,462.4838563957463,575.2360251034614,21.389131742668127,24893648.0,1.04858e+06
bfloat,standard,4,100000000,100000000,10000,0.767511,0.034287109375,0.643251953125,1130580674.5134299,2118402.7015096247,127821266158324.22,448763000.57632756,11465547776.0,4.29497e+09
bfloat,kahan,4,100000000,100000000,10000,1.040556,0.0339453125,0.6430859375,10374988.229700273,2118402.7015096247,10764038076.641918,448763000.57632756,124454699008.0,4.29497e+09
